{"ContentRoots":["G:\\Projectos Visual\\DSRemapper\\DSRemapper\\wwwroot\\"],"Root":{"Children":{"css":{"Children":{"app.css":{"Children":null,"Asset":{"ContentRootIndex":0,"SubPath":"css/app.css"},"Patterns":null},"DSStyles.css":{"Children":null,"Asset":{"ContentRootIndex":0,"SubPath":"css/DSStyles.css"},"Patterns":null}},"Asset":null,"Patterns":null},"index.html":{"Children":null,"Asset":{"ContentRootIndex":0,"SubPath":"index.html"},"Patterns":null},"js":{"Children":{"jsinterop.js":{"Children":null,"Asset":{"ContentRootIndex":0,"SubPath":"js/jsinterop.js"},"Patterns":null}},"Asset":null,"Patterns":null}},"Asset":null,"Patterns":[{"ContentRootIndex":0,"Pattern":"**","Depth":0}]}}